id,name,category,features,specifications,price,keywords,tone,generated_description,status
P001,Auralux ANC Wireless Headphones,Electronics,Adaptive noise cancellation; 40-hour playback; soft memory-foam ear cushions; dual-device Bluetooth connection,Bluetooth 5.3; 40 mm drivers; USB-C charging; 310 g,"₹4,999",wireless headphones; noise cancelling headphones; Bluetooth headset,Professional,"Meet the Auralux ANC Wireless Headphones from Electronics, available for ₹4,999. It features Adaptive noise cancellation; 40-hour playback; soft memory-foam ear cushions; dual-device Bluetooth connection. Specifications: Bluetooth 5.3; 40 mm drivers; USB-C charging; 310 g. Discover it with keywords including wireless headphones; noise cancelling headphones; Bluetooth headset.",SUCCESS
P002,PixelPro 5G Smartphone 128GB,Electronics,6.6-inch AMOLED display; 50 MP triple camera; 5G connectivity; fast-charge battery,8 GB RAM; 128 GB storage; 5000 mAh battery; Android 15,"₹24,999",5G smartphone; AMOLED phone; 50 MP camera phone,Persuasive,"Meet the PixelPro 5G Smartphone 128GB from Electronics, available for ₹24,999. It features 6.6-inch AMOLED display; 50 MP triple camera; 5G connectivity; fast-charge battery. Specifications: 8 GB RAM; 128 GB storage; 5000 mAh battery; Android 15. Discover it with keywords including 5G smartphone; AMOLED phone; 50 MP camera phone.",SUCCESS
P003,NovaTab 10.4 Wi-Fi Tablet,Electronics,10.4-inch vivid display; quad speakers; all-day battery; slim aluminium body,6 GB RAM; 128 GB storage; 7040 mAh battery; Wi-Fi 6,"₹18,499",Android tablet; Wi-Fi tablet; tablet for study,Friendly,"Meet the NovaTab 10.4 Wi-Fi Tablet from Electronics, available for ₹18,499. It features 10.4-inch vivid display; quad speakers; all-day battery; slim aluminium body. Specifications: 6 GB RAM; 128 GB storage; 7040 mAh battery; Wi-Fi 6. Discover it with keywords including Android tablet; Wi-Fi tablet; tablet for study.",SUCCESS
P004,ViewMax 43-inch 4K Smart TV,Electronics,4K HDR picture; voice-enabled remote; built-in streaming apps; bezel-less design,43-inch LED panel; 60 Hz refresh rate; 3 HDMI ports; Dolby Audio,"₹27,990",43 inch 4K TV; smart television; HDR TV,Energetic,"Meet the ViewMax 43-inch 4K Smart TV from Electronics, available for ₹27,990. It features 4K HDR picture; voice-enabled remote; built-in streaming apps; bezel-less design. Specifications: 43-inch LED panel; 60 Hz refresh rate; 3 HDMI ports; Dolby Audio. Discover it with keywords including 43 inch 4K TV; smart television; HDR TV.",SUCCESS
P005,ClickPro 24MP Mirrorless Camera,Electronics,24 MP sensor; fast eye autofocus; 4K video recording; flip-out touchscreen,"APS-C sensor; ISO 100-25600; Wi-Fi and Bluetooth; 1,080 g with lens","₹54,990",mirrorless camera; 4K photography camera; camera for beginners,Luxury,"Meet the ClickPro 24MP Mirrorless Camera from Electronics, available for ₹54,990. It features 24 MP sensor; fast eye autofocus; 4K video recording; flip-out touchscreen. Specifications: APS-C sensor; ISO 100-25600; Wi-Fi and Bluetooth; 1,080 g with lens. Discover it with keywords including mirrorless camera; 4K photography camera; camera for beginners.",SUCCESS
P006,PulseFit Smartwatch with GPS,Electronics,Built-in GPS; heart-rate tracking; sleep insights; seven-day battery life,1.8-inch AMOLED; 5 ATM water resistance; Bluetooth calling; 42 mm case,"₹3,499",GPS smartwatch; fitness watch; smartwatch for Android,Friendly,"Meet the PulseFit Smartwatch with GPS from Electronics, available for ₹3,499. It features Built-in GPS; heart-rate tracking; sleep insights; seven-day battery life. Specifications: 1.8-inch AMOLED; 5 ATM water resistance; Bluetooth calling; 42 mm case. Discover it with keywords including GPS smartwatch; fitness watch; smartwatch for Android.",SUCCESS
P007,SoundNest Portable Bluetooth Speaker,Electronics,Room-filling stereo sound; 12-hour playback; splash-resistant finish; hands-free calling,20 W output; Bluetooth 5.2; USB-C port; IPX6 rating,"₹2,799",portable Bluetooth speaker; waterproof speaker; travel audio,Energetic,"Meet the SoundNest Portable Bluetooth Speaker from Electronics, available for ₹2,799. It features Room-filling stereo sound; 12-hour playback; splash-resistant finish; hands-free calling. Specifications: 20 W output; Bluetooth 5.2; USB-C port; IPX6 rating. Discover it with keywords including portable Bluetooth speaker; waterproof speaker; travel audio.",SUCCESS
P008,KeyCraft Mechanical Keyboard,Electronics,Tactile brown switches; hot-swappable keys; adjustable white backlight; compact layout,87-key tenkeyless; USB-C wired connection; 50 million keystroke rating; Windows and macOS compatible,"₹3,299",mechanical keyboard; compact gaming keyboard; tactile keyboard,Professional,"Meet the KeyCraft Mechanical Keyboard from Electronics, available for ₹3,299. It features Tactile brown switches; hot-swappable keys; adjustable white backlight; compact layout. Specifications: 87-key tenkeyless; USB-C wired connection; 50 million keystroke rating; Windows and macOS compatible. Discover it with keywords including mechanical keyboard; compact gaming keyboard; tactile keyboard.",SUCCESS
P009,SwiftCharge 20W Power Bank,Electronics,Fast charging for two devices; digital battery display; lightweight travel design; built-in safety protection,20000 mAh capacity; 20 W USB-C output; dual USB-A ports; 365 g,"₹1,899",20W power bank; 20000mAh battery pack; fast charging power bank,Persuasive,"Meet the SwiftCharge 20W Power Bank from Electronics, available for ₹1,899. It features Fast charging for two devices; digital battery display; lightweight travel design; built-in safety protection. Specifications: 20000 mAh capacity; 20 W USB-C output; dual USB-A ports; 365 g. Discover it with keywords including 20W power bank; 20000mAh battery pack; fast charging power bank.",SUCCESS
P010,ClearCall USB-C Earbuds,Electronics,Balanced in-ear sound; clear microphone calls; tangle-resistant cable; three ear-tip sizes,USB-C connector; 10 mm drivers; 20 Hz-20 kHz response; 18 g,₹799,USB-C earphones; wired earbuds with mic; smartphone earphones,Friendly,"Meet the ClearCall USB-C Earbuds from Electronics, available for ₹799. It features Balanced in-ear sound; clear microphone calls; tangle-resistant cable; three ear-tip sizes. Specifications: USB-C connector; 10 mm drivers; 20 Hz-20 kHz response; 18 g. Discover it with keywords including USB-C earphones; wired earbuds with mic; smartphone earphones.",SUCCESS
P011,Everyday Cotton Crew T-Shirt,Clothing,Soft breathable cotton; classic crew neckline; reinforced shoulder seams; easy-care fabric,100% cotton; regular fit; sizes S-XXL; machine washable,₹599,mens cotton t-shirt; everyday crew neck tee; casual clothing,Friendly,"Meet the Everyday Cotton Crew T-Shirt from Clothing, available for ₹599. It features Soft breathable cotton; classic crew neckline; reinforced shoulder seams; easy-care fabric. Specifications: 100% cotton; regular fit; sizes S-XXL; machine washable. Discover it with keywords including mens cotton t-shirt; everyday crew neck tee; casual clothing.",SUCCESS
P012,Loomline Women's Linen Blend Kurta,Clothing,Airy linen-blend weave; elegant straight silhouette; three-quarter sleeves; side pockets,55% linen and 45% cotton; sizes XS-XXL; kurta length 112 cm; hand wash recommended,"₹1,499",women's linen kurta; straight kurta; office ethnic wear,Luxury,"Meet the Loomline Women's Linen Blend Kurta from Clothing, available for ₹1,499. It features Airy linen-blend weave; elegant straight silhouette; three-quarter sleeves; side pockets. Specifications: 55% linen and 45% cotton; sizes XS-XXL; kurta length 112 cm; hand wash recommended. Discover it with keywords including women's linen kurta; straight kurta; office ethnic wear.",SUCCESS
P013,UrbanFlex Slim Fit Chinos,Clothing,Stretch cotton twill; clean slim-fit profile; secure button closure; versatile neutral shade,98% cotton and 2% elastane; sizes 30-38; mid-rise waist; machine washable,"₹1,299",men's slim fit chinos; stretch cotton trousers; casual office wear,Professional,"Meet the UrbanFlex Slim Fit Chinos from Clothing, available for ₹1,299. It features Stretch cotton twill; clean slim-fit profile; secure button closure; versatile neutral shade. Specifications: 98% cotton and 2% elastane; sizes 30-38; mid-rise waist; machine washable. Discover it with keywords including men's slim fit chinos; stretch cotton trousers; casual office wear.",SUCCESS
P014,Monsoon Ready Women's Rain Jacket,Clothing,Water-resistant outer shell; adjustable hood; sealed front zip; reflective details,Polyester fabric; sizes S-XXL; 3000 mm water resistance; packs into pouch,"₹1,799",women's rain jacket; lightweight waterproof coat; monsoon wear,Persuasive,"Meet the Monsoon Ready Women's Rain Jacket from Clothing, available for ₹1,799. It features Water-resistant outer shell; adjustable hood; sealed front zip; reflective details. Specifications: Polyester fabric; sizes S-XXL; 3000 mm water resistance; packs into pouch. Discover it with keywords including women's rain jacket; lightweight waterproof coat; monsoon wear.",SUCCESS
P015,CloudSoft Fleece Hoodie,Clothing,Brushed fleece lining; roomy kangaroo pocket; adjustable drawstring hood; ribbed cuffs,Cotton-polyester blend; unisex fit; sizes XS-XXL; 320 GSM fabric,"₹1,099",unisex fleece hoodie; warm sweatshirt; casual winter wear,Energetic,"Meet the CloudSoft Fleece Hoodie from Clothing, available for ₹1,099. It features Brushed fleece lining; roomy kangaroo pocket; adjustable drawstring hood; ribbed cuffs. Specifications: Cotton-polyester blend; unisex fit; sizes XS-XXL; 320 GSM fabric. Discover it with keywords including unisex fleece hoodie; warm sweatshirt; casual winter wear.",SUCCESS
P016,Classic Oxford Button-Down Shirt,Clothing,Textured Oxford weave; button-down collar; chest pocket; crisp everyday styling,100% cotton; regular fit; sizes 38-44; machine washable,"₹1,399",men's Oxford shirt; cotton button down shirt; formal casual wear,Professional,"Meet the Classic Oxford Button-Down Shirt from Clothing, available for ₹1,399. It features Textured Oxford weave; button-down collar; chest pocket; crisp everyday styling. Specifications: 100% cotton; regular fit; sizes 38-44; machine washable. Discover it with keywords including men's Oxford shirt; cotton button down shirt; formal casual wear.",SUCCESS
P017,BreezeWeave Women's Palazzo Pants,Clothing,Flowing wide-leg cut; elasticated waistband; side pockets; breathable drape,Rayon fabric; sizes S-XXL; inseam 28 inches; gentle machine wash,₹899,women's palazzo pants; wide leg trousers; casual ethnic bottoms,Friendly,"Meet the BreezeWeave Women's Palazzo Pants from Clothing, available for ₹899. It features Flowing wide-leg cut; elasticated waistband; side pockets; breathable drape. Specifications: Rayon fabric; sizes S-XXL; inseam 28 inches; gentle machine wash. Discover it with keywords including women's palazzo pants; wide leg trousers; casual ethnic bottoms.",SUCCESS
P018,TrailGuard Lightweight Hiking Shoes,Sports,Grippy multi-terrain outsole; cushioned heel support; breathable mesh upper; reinforced toe cap,EVA midsole; rubber outsole; sizes UK 6-11; pair weight 620 g,"₹2,499",hiking shoes; trekking shoes for men; trail footwear,Energetic,"Meet the TrailGuard Lightweight Hiking Shoes from Sports, available for ₹2,499. It features Grippy multi-terrain outsole; cushioned heel support; breathable mesh upper; reinforced toe cap. Specifications: EVA midsole; rubber outsole; sizes UK 6-11; pair weight 620 g. Discover it with keywords including hiking shoes; trekking shoes for men; trail footwear.",SUCCESS
P019,CourtAce Carbon Badminton Racket,Sports,Flexible power shaft; balanced control; slim aerodynamic frame; factory-strung for play,Carbon graphite frame; 4U weight class; 26 lbs maximum tension; full cover included,"₹1,899",badminton racket; graphite racquet; badminton gear,Persuasive,"Meet the CourtAce Carbon Badminton Racket from Sports, available for ₹1,899. It features Flexible power shaft; balanced control; slim aerodynamic frame; factory-strung for play. Specifications: Carbon graphite frame; 4U weight class; 26 lbs maximum tension; full cover included. Discover it with keywords including badminton racket; graphite racquet; badminton gear.",SUCCESS
P020,ProBounce Basketball Size 7,Sports,Deep-grip pebble texture; consistent bounce; durable outdoor construction; easy-grip channels,Size 7; rubber composite cover; circumference 75 cm; inflation valve included,₹999,size 7 basketball; outdoor basketball; basketball for adults,Energetic,"Meet the ProBounce Basketball Size 7 from Sports, available for ₹999. It features Deep-grip pebble texture; consistent bounce; durable outdoor construction; easy-grip channels. Specifications: Size 7; rubber composite cover; circumference 75 cm; inflation valve included. Discover it with keywords including size 7 basketball; outdoor basketball; basketball for adults.",SUCCESS
P021,FlexCore Adjustable Dumbbell Pair,Sports,Quick weight adjustment; secure locking dial; knurled ergonomic handles; compact storage tray,2 dumbbells; 2-12.5 kg per dumbbell; cast-iron plates; total weight 25 kg,"₹8,499",adjustable dumbbells; home gym weights; strength training equipment,Professional,"Meet the FlexCore Adjustable Dumbbell Pair from Sports, available for ₹8,499. It features Quick weight adjustment; secure locking dial; knurled ergonomic handles; compact storage tray. Specifications: 2 dumbbells; 2-12.5 kg per dumbbell; cast-iron plates; total weight 25 kg. Discover it with keywords including adjustable dumbbells; home gym weights; strength training equipment.",SUCCESS
P022,StrideMate Running Waist Belt,Sports,Bounce-minimising fit; water-resistant phone pocket; reflective trim; adjustable waist strap,Fits waists 65-110 cm; polyester-spandex; pocket fits phones up to 6.7 inches; 95 g,₹699,running waist belt; jogging phone pouch; running accessories,Friendly,"Meet the StrideMate Running Waist Belt from Sports, available for ₹699. It features Bounce-minimising fit; water-resistant phone pocket; reflective trim; adjustable waist strap. Specifications: Fits waists 65-110 cm; polyester-spandex; pocket fits phones up to 6.7 inches; 95 g. Discover it with keywords including running waist belt; jogging phone pouch; running accessories.",SUCCESS
P023,AeroRide 21-Speed Hybrid Bicycle,Sports,Lightweight alloy frame; responsive disc brakes; 21-speed gear system; comfort-grip handlebar,"700C wheels; 17-inch frame; mechanical disc brakes; rider height 5'4""-6'0""","₹16,999",hybrid bicycle; 21 speed cycle; commuter bike India,Persuasive,"Meet the AeroRide 21-Speed Hybrid Bicycle from Sports, available for ₹16,999. It features Lightweight alloy frame; responsive disc brakes; 21-speed gear system; comfort-grip handlebar. Specifications: 700C wheels; 17-inch frame; mechanical disc brakes; rider height 5'4""-6'0"". Discover it with keywords including hybrid bicycle; 21 speed cycle; commuter bike India.",SUCCESS
P024,ActiveDry Quick-Dry Sports Towel,Sports,Fast-drying microfibre; compact carry pouch; soft skin-friendly feel; hanging loop,Microfibre polyester; 80 x 40 cm; weighs 110 g; machine washable,₹349,quick dry sports towel; gym towel; microfibre travel towel,Friendly,"Meet the ActiveDry Quick-Dry Sports Towel from Sports, available for ₹349. It features Fast-drying microfibre; compact carry pouch; soft skin-friendly feel; hanging loop. Specifications: Microfibre polyester; 80 x 40 cm; weighs 110 g; machine washable. Discover it with keywords including quick dry sports towel; gym towel; microfibre travel towel.",SUCCESS
P025,ZenRest Ergonomic Mesh Office Chair,Furniture,Breathable mesh back; adjustable lumbar support; tilt-lock mechanism; padded armrests,Supports up to 120 kg; seat height 45-55 cm; nylon base; 360-degree swivel,"₹7,999",ergonomic office chair; mesh computer chair; work from home chair,Professional,"Meet the ZenRest Ergonomic Mesh Office Chair from Furniture, available for ₹7,999. It features Breathable mesh back; adjustable lumbar support; tilt-lock mechanism; padded armrests. Specifications: Supports up to 120 kg; seat height 45-55 cm; nylon base; 360-degree swivel. Discover it with keywords including ergonomic office chair; mesh computer chair; work from home chair.",SUCCESS
P026,Oakline 4-Seater Dining Table,Furniture,Warm oak-look finish; sturdy tapered legs; scratch-resistant surface; easy-clean top,Seats 4 people; engineered wood top; 120 x 75 x 75 cm; assembly required,"₹12,499",four seater dining table; wooden dining furniture; compact dining table,Luxury,"Meet the Oakline 4-Seater Dining Table from Furniture, available for ₹12,499. It features Warm oak-look finish; sturdy tapered legs; scratch-resistant surface; easy-clean top. Specifications: Seats 4 people; engineered wood top; 120 x 75 x 75 cm; assembly required. Discover it with keywords including four seater dining table; wooden dining furniture; compact dining table.",SUCCESS
P027,HavenFold 3-Seater Sofa Bed,Furniture,Converts into a guest bed; supportive foam cushions; stain-resistant upholstery; under-seat storage,Seats 3; sleeping area 180 x 105 cm; polyester fabric; 210 kg capacity,"₹28,990",sofa cum bed; three seater sofa; space saving furniture,Persuasive,"Meet the HavenFold 3-Seater Sofa Bed from Furniture, available for ₹28,990. It features Converts into a guest bed; supportive foam cushions; stain-resistant upholstery; under-seat storage. Specifications: Seats 3; sleeping area 180 x 105 cm; polyester fabric; 210 kg capacity. Discover it with keywords including sofa cum bed; three seater sofa; space saving furniture.",SUCCESS
P028,MapleCraft Bedside Table with Drawer,Furniture,Spacious pull-out drawer; open lower shelf; smooth rounded edges; compact footprint,Engineered wood; 45 x 40 x 55 cm; one drawer; assembly required,"₹3,499",bedside table with drawer; nightstand; bedroom furniture,Friendly,"Meet the MapleCraft Bedside Table with Drawer from Furniture, available for ₹3,499. It features Spacious pull-out drawer; open lower shelf; smooth rounded edges; compact footprint. Specifications: Engineered wood; 45 x 40 x 55 cm; one drawer; assembly required. Discover it with keywords including bedside table with drawer; nightstand; bedroom furniture.",SUCCESS
P029,RiseRight Height-Adjustable Study Desk,Furniture,Manual height adjustment; generous work surface; cable management cut-out; stable steel frame,Desktop 120 x 60 cm; height 72-118 cm; supports 70 kg; MDF and steel,"₹9,499",height adjustable study table; ergonomic desk; home office furniture,Professional,"Meet the RiseRight Height-Adjustable Study Desk from Furniture, available for ₹9,499. It features Manual height adjustment; generous work surface; cable management cut-out; stable steel frame. Specifications: Desktop 120 x 60 cm; height 72-118 cm; supports 70 kg; MDF and steel. Discover it with keywords including height adjustable study table; ergonomic desk; home office furniture.",SUCCESS
P030,LumaGlow Arc Floor Lamp,Furniture,Elegant curved silhouette; warm ambient light; weighted stable base; foot-operated switch,E27 bulb holder; 1.6 m height; metal and linen; bulb sold separately,"₹4,299",arc floor lamp; living room lighting; modern standing lamp,Luxury,"Meet the LumaGlow Arc Floor Lamp from Furniture, available for ₹4,299. It features Elegant curved silhouette; warm ambient light; weighted stable base; foot-operated switch. Specifications: E27 bulb holder; 1.6 m height; metal and linen; bulb sold separately. Discover it with keywords including arc floor lamp; living room lighting; modern standing lamp.",SUCCESS
P031,PureNeem Gentle Face Cleanser,Beauty,Mild daily cleansing; neem and aloe vera extracts; removes excess oil; soap-free formula,150 ml bottle; suitable for normal and oily skin; dermatologically tested; made in India,₹249,neem face wash; gentle facial cleanser; oily skin cleanser,Friendly,"Meet the PureNeem Gentle Face Cleanser from Beauty, available for ₹249. It features Mild daily cleansing; neem and aloe vera extracts; removes excess oil; soap-free formula. Specifications: 150 ml bottle; suitable for normal and oily skin; dermatologically tested; made in India. Discover it with keywords including neem face wash; gentle facial cleanser; oily skin cleanser.",SUCCESS
P032,GlowTheory Vitamin C Face Serum,Beauty,Brightening vitamin C blend; lightweight fast-absorbing texture; supports even-looking tone; dropper application,30 ml; 10% vitamin C; suitable for most skin types; use sunscreen during daytime,₹699,vitamin C serum; brightening face serum; skincare for glowing skin,Persuasive,"Meet the GlowTheory Vitamin C Face Serum from Beauty, available for ₹699. It features Brightening vitamin C blend; lightweight fast-absorbing texture; supports even-looking tone; dropper application. Specifications: 30 ml; 10% vitamin C; suitable for most skin types; use sunscreen during daytime. Discover it with keywords including vitamin C serum; brightening face serum; skincare for glowing skin.",SUCCESS
P033,SilkRoute Hydrating Body Lotion,Beauty,Long-lasting moisturisation; non-greasy finish; shea butter and oat extracts; subtle fresh fragrance,400 ml; suitable for normal to dry skin; pH balanced; dermatologically tested,₹399,hydrating body lotion; shea butter moisturiser; daily body care,Friendly,"Meet the SilkRoute Hydrating Body Lotion from Beauty, available for ₹399. It features Long-lasting moisturisation; non-greasy finish; shea butter and oat extracts; subtle fresh fragrance. Specifications: 400 ml; suitable for normal to dry skin; pH balanced; dermatologically tested. Discover it with keywords including hydrating body lotion; shea butter moisturiser; daily body care.",SUCCESS
P034,VelvetMatte Longwear Lipstick,Beauty,Rich one-swipe colour; comfortable matte finish; transfer-resistant wear; precise bullet tip,3.5 g; shade Rosewood 12; paraben-free; suitable for all skin types,₹549,longwear matte lipstick; rosewood lipstick; lipstick India,Luxury,"Meet the VelvetMatte Longwear Lipstick from Beauty, available for ₹549. It features Rich one-swipe colour; comfortable matte finish; transfer-resistant wear; precise bullet tip. Specifications: 3.5 g; shade Rosewood 12; paraben-free; suitable for all skin types. Discover it with keywords including longwear matte lipstick; rosewood lipstick; lipstick India.",SUCCESS
P035,RootRevive Onion Hair Oil,Beauty,Nourishing scalp massage blend; lightweight non-sticky feel; helps condition dry lengths; easy-rinse formula,200 ml; onion seed and coconut oils; mineral oil free; for all hair types,₹349,onion hair oil; nourishing scalp oil; hair care oil India,Energetic,"Meet the RootRevive Onion Hair Oil from Beauty, available for ₹349. It features Nourishing scalp massage blend; lightweight non-sticky feel; helps condition dry lengths; easy-rinse formula. Specifications: 200 ml; onion seed and coconut oils; mineral oil free; for all hair types. Discover it with keywords including onion hair oil; nourishing scalp oil; hair care oil India.",SUCCESS
P036,BrewMate 1.5L Electric Kettle,Home Appliances,Rapid water boiling; automatic shut-off; concealed heating element; cool-touch handle,1.5 litre capacity; 1500 W; stainless steel interior; boil-dry protection,"₹1,299",electric kettle 1.5 litre; stainless steel kettle; kitchen appliance,Professional,"Meet the BrewMate 1.5L Electric Kettle from Home Appliances, available for ₹1,299. It features Rapid water boiling; automatic shut-off; concealed heating element; cool-touch handle. Specifications: 1.5 litre capacity; 1500 W; stainless steel interior; boil-dry protection. Discover it with keywords including electric kettle 1.5 litre; stainless steel kettle; kitchen appliance.",SUCCESS
P037,CoolBreeze 1200mm Ceiling Fan,Home Appliances,High-air-delivery blades; energy-efficient motor; balanced wobble-free rotation; classic finish,1200 mm sweep; 75 W input; 3 speed settings; 2-year motor warranty,"₹2,199",1200mm ceiling fan; energy efficient fan; home cooling appliance,Persuasive,"Meet the CoolBreeze 1200mm Ceiling Fan from Home Appliances, available for ₹2,199. It features High-air-delivery blades; energy-efficient motor; balanced wobble-free rotation; classic finish. Specifications: 1200 mm sweep; 75 W input; 3 speed settings; 2-year motor warranty. Discover it with keywords including 1200mm ceiling fan; energy efficient fan; home cooling appliance.",SUCCESS
P038,FreshFold 7kg Front Load Washing Machine,Home Appliances,Multiple fabric wash programs; in-built heater; low-noise operation; child-lock safety,7 kg capacity; 1200 RPM spin; 5-star energy rating; inverter motor,"₹28,499",7kg front load washing machine; inverter washer; washing machine India,Professional,"Meet the FreshFold 7kg Front Load Washing Machine from Home Appliances, available for ₹28,499. It features Multiple fabric wash programs; in-built heater; low-noise operation; child-lock safety. Specifications: 7 kg capacity; 1200 RPM spin; 5-star energy rating; inverter motor. Discover it with keywords including 7kg front load washing machine; inverter washer; washing machine India.",SUCCESS
P039,CrispChef 25L Convection Microwave,Home Appliances,Convection baking and grilling; 10 power levels; auto-cook menus; easy-clean cavity,25 litre capacity; 900 W microwave output; stainless steel cavity; child lock,"₹11,990",25 litre convection microwave; microwave oven with grill; kitchen oven,Energetic,"Meet the CrispChef 25L Convection Microwave from Home Appliances, available for ₹11,990. It features Convection baking and grilling; 10 power levels; auto-cook menus; easy-clean cavity. Specifications: 25 litre capacity; 900 W microwave output; stainless steel cavity; child lock. Discover it with keywords including 25 litre convection microwave; microwave oven with grill; kitchen oven.",SUCCESS
P040,FrostLine 190L Direct Cool Refrigerator,Home Appliances,Spacious toughened glass shelves; large vegetable crisper; stabiliser-free operation; door lock,190 litre capacity; 3-star energy rating; direct cool; 10-year compressor warranty,"₹16,490",190L refrigerator; single door fridge; energy efficient refrigerator,Persuasive,"Meet the FrostLine 190L Direct Cool Refrigerator from Home Appliances, available for ₹16,490. It features Spacious toughened glass shelves; large vegetable crisper; stabiliser-free operation; door lock. Specifications: 190 litre capacity; 3-star energy rating; direct cool; 10-year compressor warranty. Discover it with keywords including 190L refrigerator; single door fridge; energy efficient refrigerator.",SUCCESS
P041,CleanSweep Cyclone Vacuum Cleaner,Home Appliances,Cyclonic dust separation; washable filter; flexible extension hose; compact carry handle,1600 W motor; 2 litre dust capacity; 78 dB noise level; 5 m cord,"₹4,799",cyclone vacuum cleaner; bagless vacuum; home cleaning appliance,Friendly,"Meet the CleanSweep Cyclone Vacuum Cleaner from Home Appliances, available for ₹4,799. It features Cyclonic dust separation; washable filter; flexible extension hose; compact carry handle. Specifications: 1600 W motor; 2 litre dust capacity; 78 dB noise level; 5 m cord. Discover it with keywords including cyclone vacuum cleaner; bagless vacuum; home cleaning appliance.",SUCCESS
P042,GleamSteel Insulated Water Bottle,Accessories,Double-wall insulation; leak-resistant screw lid; powder-coated grip; reusable everyday design,750 ml capacity; 304 stainless steel; keeps drinks hot up to 8 hours; BPA-free lid,₹899,insulated water bottle; stainless steel flask; reusable travel bottle,Professional,"Meet the GleamSteel Insulated Water Bottle from Accessories, available for ₹899. It features Double-wall insulation; leak-resistant screw lid; powder-coated grip; reusable everyday design. Specifications: 750 ml capacity; 304 stainless steel; keeps drinks hot up to 8 hours; BPA-free lid. Discover it with keywords including insulated water bottle; stainless steel flask; reusable travel bottle.",SUCCESS
P043,MetroCarry Vegan Leather Laptop Backpack,Accessories,Padded laptop sleeve; organised front pockets; water-resistant lining; trolley pass-through strap,Fits laptops up to 15.6 inches; 22 litre capacity; vegan leather exterior; weighs 850 g,"₹2,499",laptop backpack 15.6 inch; vegan leather bag; office backpack,Luxury,"Meet the MetroCarry Vegan Leather Laptop Backpack from Accessories, available for ₹2,499. It features Padded laptop sleeve; organised front pockets; water-resistant lining; trolley pass-through strap. Specifications: Fits laptops up to 15.6 inches; 22 litre capacity; vegan leather exterior; weighs 850 g. Discover it with keywords including laptop backpack 15.6 inch; vegan leather bag; office backpack.",SUCCESS
P044,Minimalist Brass Hoop Earrings,Accessories,Polished sculptural finish; lightweight all-day wear; secure hinged clasp; versatile occasion styling,18 mm diameter; brass base; 18K gold-plated finish; pair weight 8 g,"₹1,299",brass hoop earrings; gold plated hoops; minimalist jewellery,Luxury,"Meet the Minimalist Brass Hoop Earrings from Accessories, available for ₹1,299. It features Polished sculptural finish; lightweight all-day wear; secure hinged clasp; versatile occasion styling. Specifications: 18 mm diameter; brass base; 18K gold-plated finish; pair weight 8 g. Discover it with keywords including brass hoop earrings; gold plated hoops; minimalist jewellery.",SUCCESS
P045,DayTrip Polarised Aviator Sunglasses,Accessories,Polarised glare reduction; UV400 eye protection; lightweight metal frame; adjustable nose pads,Lens width 58 mm; polycarbonate lenses; UV400 protection; unisex fit,"₹1,599",polarised aviator sunglasses; UV400 sunglasses; travel eyewear,Energetic,"Meet the DayTrip Polarised Aviator Sunglasses from Accessories, available for ₹1,599. It features Polarised glare reduction; UV400 eye protection; lightweight metal frame; adjustable nose pads. Specifications: Lens width 58 mm; polycarbonate lenses; UV400 protection; unisex fit. Discover it with keywords including polarised aviator sunglasses; UV400 sunglasses; travel eyewear.",SUCCESS
P046,HarvestGold Cold-Pressed Groundnut Oil,Grocery,Traditional wood-pressed extraction; nutty aroma; no added preservatives; versatile cooking use,1 litre bottle; 100% groundnut oil; vegetarian; packed in India,₹399,cold pressed groundnut oil; wood pressed cooking oil; Indian kitchen essentials,Professional,"Meet the HarvestGold Cold-Pressed Groundnut Oil from Grocery, available for ₹399. It features Traditional wood-pressed extraction; nutty aroma; no added preservatives; versatile cooking use. Specifications: 1 litre bottle; 100% groundnut oil; vegetarian; packed in India. Discover it with keywords including cold pressed groundnut oil; wood pressed cooking oil; Indian kitchen essentials.",SUCCESS
P047,MorningField Darjeeling First Flush Tea,Grocery,Floral high-altitude aroma; delicate bright liquor; hand-plucked spring leaves; elegant loose-leaf brew,100 g tin; Darjeeling origin; orthodox black tea; best before 18 months,₹699,Darjeeling first flush tea; premium loose leaf tea; Indian black tea,Luxury,"Meet the MorningField Darjeeling First Flush Tea from Grocery, available for ₹699. It features Floral high-altitude aroma; delicate bright liquor; hand-plucked spring leaves; elegant loose-leaf brew. Specifications: 100 g tin; Darjeeling origin; orthodox black tea; best before 18 months. Discover it with keywords including Darjeeling first flush tea; premium loose leaf tea; Indian black tea.",SUCCESS
P048,MilletMornings Ragi Breakfast Cereal,Grocery,Roasted ragi flakes; naturally rich taste; quick weekday breakfast; no artificial colours,500 g pack; finger millet and jaggery; vegetarian; made in India,₹229,ragi breakfast cereal; millet flakes; healthy Indian breakfast,Energetic,"Meet the MilletMornings Ragi Breakfast Cereal from Grocery, available for ₹229. It features Roasted ragi flakes; naturally rich taste; quick weekday breakfast; no artificial colours. Specifications: 500 g pack; finger millet and jaggery; vegetarian; made in India. Discover it with keywords including ragi breakfast cereal; millet flakes; healthy Indian breakfast.",SUCCESS
P049,SpiceTrail Stone-Ground Masala Box,Grocery,Six aromatic everyday spice blends; small-batch stone grinding; resealable freshness packs; no added colours,6 x 50 g sachets; includes garam masala and turmeric; vegetarian; shelf life 9 months,₹549,Indian spice box; stone ground masala; authentic cooking spices,Friendly,"Meet the SpiceTrail Stone-Ground Masala Box from Grocery, available for ₹549. It features Six aromatic everyday spice blends; small-batch stone grinding; resealable freshness packs; no added colours. Specifications: 6 x 50 g sachets; includes garam masala and turmeric; vegetarian; shelf life 9 months. Discover it with keywords including Indian spice box; stone ground masala; authentic cooking spices.",SUCCESS
P050,FarmBasket Alphonso Mango Pulp,Grocery,Rich Alphonso mango flavour; smooth ready-to-use pulp; ideal for desserts and drinks; no added colour,850 g can; 100% mango pulp; vegetarian; store refrigerated after opening,₹349,Alphonso mango pulp; canned mango puree; Indian dessert ingredient,Persuasive,"Meet the FarmBasket Alphonso Mango Pulp from Grocery, available for ₹349. It features Rich Alphonso mango flavour; smooth ready-to-use pulp; ideal for desserts and drinks; no added colour. Specifications: 850 g can; 100% mango pulp; vegetarian; store refrigerated after opening. Discover it with keywords including Alphonso mango pulp; canned mango puree; Indian dessert ingredient.",SUCCESS
