id,name,category,features,specifications,price,keywords,tone
P001,Auralux ANC Wireless Headphones,Electronics,Adaptive noise cancellation; 40-hour playback; soft memory-foam ear cushions; dual-device Bluetooth connection,Bluetooth 5.3; 40 mm drivers; USB-C charging; 310 g,"₹4,999",wireless headphones; noise cancelling headphones; Bluetooth headset,Professional
P002,PixelPro 5G Smartphone 128GB,Electronics,6.6-inch AMOLED display; 50 MP triple camera; 5G connectivity; fast-charge battery,8 GB RAM; 128 GB storage; 5000 mAh battery; Android 15,"₹24,999",5G smartphone; AMOLED phone; 50 MP camera phone,Persuasive
P003,NovaTab 10.4 Wi-Fi Tablet,Electronics,10.4-inch vivid display; quad speakers; all-day battery; slim aluminium body,6 GB RAM; 128 GB storage; 7040 mAh battery; Wi-Fi 6,"₹18,499",Android tablet; Wi-Fi tablet; tablet for study,Friendly
P004,ViewMax 43-inch 4K Smart TV,Electronics,4K HDR picture; voice-enabled remote; built-in streaming apps; bezel-less design,43-inch LED panel; 60 Hz refresh rate; 3 HDMI ports; Dolby Audio,"₹27,990",43 inch 4K TV; smart television; HDR TV,Energetic
P005,ClickPro 24MP Mirrorless Camera,Electronics,24 MP sensor; fast eye autofocus; 4K video recording; flip-out touchscreen,"APS-C sensor; ISO 100-25600; Wi-Fi and Bluetooth; 1,080 g with lens","₹54,990",mirrorless camera; 4K photography camera; camera for beginners,Luxury
P006,PulseFit Smartwatch with GPS,Electronics,Built-in GPS; heart-rate tracking; sleep insights; seven-day battery life,1.8-inch AMOLED; 5 ATM water resistance; Bluetooth calling; 42 mm case,"₹3,499",GPS smartwatch; fitness watch; smartwatch for Android,Friendly
P007,SoundNest Portable Bluetooth Speaker,Electronics,Room-filling stereo sound; 12-hour playback; splash-resistant finish; hands-free calling,20 W output; Bluetooth 5.2; USB-C port; IPX6 rating,"₹2,799",portable Bluetooth speaker; waterproof speaker; travel audio,Energetic
P008,KeyCraft Mechanical Keyboard,Electronics,Tactile brown switches; hot-swappable keys; adjustable white backlight; compact layout,87-key tenkeyless; USB-C wired connection; 50 million keystroke rating; Windows and macOS compatible,"₹3,299",mechanical keyboard; compact gaming keyboard; tactile keyboard,Professional
P009,SwiftCharge 20W Power Bank,Electronics,Fast charging for two devices; digital battery display; lightweight travel design; built-in safety protection,20000 mAh capacity; 20 W USB-C output; dual USB-A ports; 365 g,"₹1,899",20W power bank; 20000mAh battery pack; fast charging power bank,Persuasive
P010,ClearCall USB-C Earbuds,Electronics,Balanced in-ear sound; clear microphone calls; tangle-resistant cable; three ear-tip sizes,USB-C connector; 10 mm drivers; 20 Hz-20 kHz response; 18 g,₹799,USB-C earphones; wired earbuds with mic; smartphone earphones,Friendly
P011,Everyday Cotton Crew T-Shirt,Clothing,Soft breathable cotton; classic crew neckline; reinforced shoulder seams; easy-care fabric,100% cotton; regular fit; sizes S-XXL; machine washable,₹599,mens cotton t-shirt; everyday crew neck tee; casual clothing,Friendly
P012,Loomline Women's Linen Blend Kurta,Clothing,Airy linen-blend weave; elegant straight silhouette; three-quarter sleeves; side pockets,55% linen and 45% cotton; sizes XS-XXL; kurta length 112 cm; hand wash recommended,"₹1,499",women's linen kurta; straight kurta; office ethnic wear,Luxury
P013,UrbanFlex Slim Fit Chinos,Clothing,Stretch cotton twill; clean slim-fit profile; secure button closure; versatile neutral shade,98% cotton and 2% elastane; sizes 30-38; mid-rise waist; machine washable,"₹1,299",men's slim fit chinos; stretch cotton trousers; casual office wear,Professional
P014,Monsoon Ready Women's Rain Jacket,Clothing,Water-resistant outer shell; adjustable hood; sealed front zip; reflective details,Polyester fabric; sizes S-XXL; 3000 mm water resistance; packs into pouch,"₹1,799",women's rain jacket; lightweight waterproof coat; monsoon wear,Persuasive
P015,CloudSoft Fleece Hoodie,Clothing,Brushed fleece lining; roomy kangaroo pocket; adjustable drawstring hood; ribbed cuffs,Cotton-polyester blend; unisex fit; sizes XS-XXL; 320 GSM fabric,"₹1,099",unisex fleece hoodie; warm sweatshirt; casual winter wear,Energetic
P016,Classic Oxford Button-Down Shirt,Clothing,Textured Oxford weave; button-down collar; chest pocket; crisp everyday styling,100% cotton; regular fit; sizes 38-44; machine washable,"₹1,399",men's Oxford shirt; cotton button down shirt; formal casual wear,Professional
P017,BreezeWeave Women's Palazzo Pants,Clothing,Flowing wide-leg cut; elasticated waistband; side pockets; breathable drape,Rayon fabric; sizes S-XXL; inseam 28 inches; gentle machine wash,₹899,women's palazzo pants; wide leg trousers; casual ethnic bottoms,Friendly
P018,TrailGuard Lightweight Hiking Shoes,Sports,Grippy multi-terrain outsole; cushioned heel support; breathable mesh upper; reinforced toe cap,EVA midsole; rubber outsole; sizes UK 6-11; pair weight 620 g,"₹2,499",hiking shoes; trekking shoes for men; trail footwear,Energetic
P019,CourtAce Carbon Badminton Racket,Sports,Flexible power shaft; balanced control; slim aerodynamic frame; factory-strung for play,Carbon graphite frame; 4U weight class; 26 lbs maximum tension; full cover included,"₹1,899",badminton racket; graphite racquet; badminton gear,Persuasive
P020,ProBounce Basketball Size 7,Sports,Deep-grip pebble texture; consistent bounce; durable outdoor construction; easy-grip channels,Size 7; rubber composite cover; circumference 75 cm; inflation valve included,₹999,size 7 basketball; outdoor basketball; basketball for adults,Energetic
P021,FlexCore Adjustable Dumbbell Pair,Sports,Quick weight adjustment; secure locking dial; knurled ergonomic handles; compact storage tray,2 dumbbells; 2-12.5 kg per dumbbell; cast-iron plates; total weight 25 kg,"₹8,499",adjustable dumbbells; home gym weights; strength training equipment,Professional
P022,StrideMate Running Waist Belt,Sports,Bounce-minimising fit; water-resistant phone pocket; reflective trim; adjustable waist strap,Fits waists 65-110 cm; polyester-spandex; pocket fits phones up to 6.7 inches; 95 g,₹699,running waist belt; jogging phone pouch; running accessories,Friendly
P023,AeroRide 21-Speed Hybrid Bicycle,Sports,Lightweight alloy frame; responsive disc brakes; 21-speed gear system; comfort-grip handlebar,"700C wheels; 17-inch frame; mechanical disc brakes; rider height 5'4""-6'0""","₹16,999",hybrid bicycle; 21 speed cycle; commuter bike India,Persuasive
P024,ActiveDry Quick-Dry Sports Towel,Sports,Fast-drying microfibre; compact carry pouch; soft skin-friendly feel; hanging loop,Microfibre polyester; 80 x 40 cm; weighs 110 g; machine washable,₹349,quick dry sports towel; gym towel; microfibre travel towel,Friendly
P025,ZenRest Ergonomic Mesh Office Chair,Furniture,Breathable mesh back; adjustable lumbar support; tilt-lock mechanism; padded armrests,Supports up to 120 kg; seat height 45-55 cm; nylon base; 360-degree swivel,"₹7,999",ergonomic office chair; mesh computer chair; work from home chair,Professional
P026,Oakline 4-Seater Dining Table,Furniture,Warm oak-look finish; sturdy tapered legs; scratch-resistant surface; easy-clean top,Seats 4 people; engineered wood top; 120 x 75 x 75 cm; assembly required,"₹12,499",four seater dining table; wooden dining furniture; compact dining table,Luxury
P027,HavenFold 3-Seater Sofa Bed,Furniture,Converts into a guest bed; supportive foam cushions; stain-resistant upholstery; under-seat storage,Seats 3; sleeping area 180 x 105 cm; polyester fabric; 210 kg capacity,"₹28,990",sofa cum bed; three seater sofa; space saving furniture,Persuasive
P028,MapleCraft Bedside Table with Drawer,Furniture,Spacious pull-out drawer; open lower shelf; smooth rounded edges; compact footprint,Engineered wood; 45 x 40 x 55 cm; one drawer; assembly required,"₹3,499",bedside table with drawer; nightstand; bedroom furniture,Friendly
P029,RiseRight Height-Adjustable Study Desk,Furniture,Manual height adjustment; generous work surface; cable management cut-out; stable steel frame,Desktop 120 x 60 cm; height 72-118 cm; supports 70 kg; MDF and steel,"₹9,499",height adjustable study table; ergonomic desk; home office furniture,Professional
P030,LumaGlow Arc Floor Lamp,Furniture,Elegant curved silhouette; warm ambient light; weighted stable base; foot-operated switch,E27 bulb holder; 1.6 m height; metal and linen; bulb sold separately,"₹4,299",arc floor lamp; living room lighting; modern standing lamp,Luxury
P031,PureNeem Gentle Face Cleanser,Beauty,Mild daily cleansing; neem and aloe vera extracts; removes excess oil; soap-free formula,150 ml bottle; suitable for normal and oily skin; dermatologically tested; made in India,₹249,neem face wash; gentle facial cleanser; oily skin cleanser,Friendly
P032,GlowTheory Vitamin C Face Serum,Beauty,Brightening vitamin C blend; lightweight fast-absorbing texture; supports even-looking tone; dropper application,30 ml; 10% vitamin C; suitable for most skin types; use sunscreen during daytime,₹699,vitamin C serum; brightening face serum; skincare for glowing skin,Persuasive
P033,SilkRoute Hydrating Body Lotion,Beauty,Long-lasting moisturisation; non-greasy finish; shea butter and oat extracts; subtle fresh fragrance,400 ml; suitable for normal to dry skin; pH balanced; dermatologically tested,₹399,hydrating body lotion; shea butter moisturiser; daily body care,Friendly
P034,VelvetMatte Longwear Lipstick,Beauty,Rich one-swipe colour; comfortable matte finish; transfer-resistant wear; precise bullet tip,3.5 g; shade Rosewood 12; paraben-free; suitable for all skin types,₹549,longwear matte lipstick; rosewood lipstick; lipstick India,Luxury
P035,RootRevive Onion Hair Oil,Beauty,Nourishing scalp massage blend; lightweight non-sticky feel; helps condition dry lengths; easy-rinse formula,200 ml; onion seed and coconut oils; mineral oil free; for all hair types,₹349,onion hair oil; nourishing scalp oil; hair care oil India,Energetic
P036,BrewMate 1.5L Electric Kettle,Home Appliances,Rapid water boiling; automatic shut-off; concealed heating element; cool-touch handle,1.5 litre capacity; 1500 W; stainless steel interior; boil-dry protection,"₹1,299",electric kettle 1.5 litre; stainless steel kettle; kitchen appliance,Professional
P037,CoolBreeze 1200mm Ceiling Fan,Home Appliances,High-air-delivery blades; energy-efficient motor; balanced wobble-free rotation; classic finish,1200 mm sweep; 75 W input; 3 speed settings; 2-year motor warranty,"₹2,199",1200mm ceiling fan; energy efficient fan; home cooling appliance,Persuasive
P038,FreshFold 7kg Front Load Washing Machine,Home Appliances,Multiple fabric wash programs; in-built heater; low-noise operation; child-lock safety,7 kg capacity; 1200 RPM spin; 5-star energy rating; inverter motor,"₹28,499",7kg front load washing machine; inverter washer; washing machine India,Professional
P039,CrispChef 25L Convection Microwave,Home Appliances,Convection baking and grilling; 10 power levels; auto-cook menus; easy-clean cavity,25 litre capacity; 900 W microwave output; stainless steel cavity; child lock,"₹11,990",25 litre convection microwave; microwave oven with grill; kitchen oven,Energetic
P040,FrostLine 190L Direct Cool Refrigerator,Home Appliances,Spacious toughened glass shelves; large vegetable crisper; stabiliser-free operation; door lock,190 litre capacity; 3-star energy rating; direct cool; 10-year compressor warranty,"₹16,490",190L refrigerator; single door fridge; energy efficient refrigerator,Persuasive
P041,CleanSweep Cyclone Vacuum Cleaner,Home Appliances,Cyclonic dust separation; washable filter; flexible extension hose; compact carry handle,1600 W motor; 2 litre dust capacity; 78 dB noise level; 5 m cord,"₹4,799",cyclone vacuum cleaner; bagless vacuum; home cleaning appliance,Friendly
P042,GleamSteel Insulated Water Bottle,Accessories,Double-wall insulation; leak-resistant screw lid; powder-coated grip; reusable everyday design,750 ml capacity; 304 stainless steel; keeps drinks hot up to 8 hours; BPA-free lid,₹899,insulated water bottle; stainless steel flask; reusable travel bottle,Professional
P043,MetroCarry Vegan Leather Laptop Backpack,Accessories,Padded laptop sleeve; organised front pockets; water-resistant lining; trolley pass-through strap,Fits laptops up to 15.6 inches; 22 litre capacity; vegan leather exterior; weighs 850 g,"₹2,499",laptop backpack 15.6 inch; vegan leather bag; office backpack,Luxury
P044,Minimalist Brass Hoop Earrings,Accessories,Polished sculptural finish; lightweight all-day wear; secure hinged clasp; versatile occasion styling,18 mm diameter; brass base; 18K gold-plated finish; pair weight 8 g,"₹1,299",brass hoop earrings; gold plated hoops; minimalist jewellery,Luxury
P045,DayTrip Polarised Aviator Sunglasses,Accessories,Polarised glare reduction; UV400 eye protection; lightweight metal frame; adjustable nose pads,Lens width 58 mm; polycarbonate lenses; UV400 protection; unisex fit,"₹1,599",polarised aviator sunglasses; UV400 sunglasses; travel eyewear,Energetic
P046,HarvestGold Cold-Pressed Groundnut Oil,Grocery,Traditional wood-pressed extraction; nutty aroma; no added preservatives; versatile cooking use,1 litre bottle; 100% groundnut oil; vegetarian; packed in India,₹399,cold pressed groundnut oil; wood pressed cooking oil; Indian kitchen essentials,Professional
P047,MorningField Darjeeling First Flush Tea,Grocery,Floral high-altitude aroma; delicate bright liquor; hand-plucked spring leaves; elegant loose-leaf brew,100 g tin; Darjeeling origin; orthodox black tea; best before 18 months,₹699,Darjeeling first flush tea; premium loose leaf tea; Indian black tea,Luxury
P048,MilletMornings Ragi Breakfast Cereal,Grocery,Roasted ragi flakes; naturally rich taste; quick weekday breakfast; no artificial colours,500 g pack; finger millet and jaggery; vegetarian; made in India,₹229,ragi breakfast cereal; millet flakes; healthy Indian breakfast,Energetic
P049,SpiceTrail Stone-Ground Masala Box,Grocery,Six aromatic everyday spice blends; small-batch stone grinding; resealable freshness packs; no added colours,6 x 50 g sachets; includes garam masala and turmeric; vegetarian; shelf life 9 months,₹549,Indian spice box; stone ground masala; authentic cooking spices,Friendly
P050,FarmBasket Alphonso Mango Pulp,Grocery,Rich Alphonso mango flavour; smooth ready-to-use pulp; ideal for desserts and drinks; no added colour,850 g can; 100% mango pulp; vegetarian; store refrigerated after opening,₹349,Alphonso mango pulp; canned mango puree; Indian dessert ingredient,Persuasive
