id,name,category,features,price,keywords,tone
1,AuraWave ANC Wireless Headphones,Electronics,"Bluetooth 5.3; 40-Hour Battery; Active Noise Cancellation; Transparency Mode; Memory Foam Earcups",2999,"wireless headphones, ANC headphones, noise cancelling, bluetooth headset",Professional
2,HyperGlide Ergonomic Wireless Mouse,Electronics,"4000 DPI Sensor; Silent Clicks; Multi-Device Bluetooth; Fast USB-C Charging; Sculpted Thumb Rest",1499,"ergonomic mouse, wireless mouse, productivity mouse, silent click mouse",Modern & Punchy
3,Lumino 4K HDR Ultra-Wide Monitor,Electronics,"34-inch Curved IPS; 144Hz Refresh Rate; 99% sRGB; USB-C 90W PD; Built-in Speakers",34999,"4k curved monitor, ultrawide gaming monitor, productivity screen, usb-c display",Technical & Precise
4,VervePulse Portable Bluetooth Speaker,Electronics,"IP67 Waterproof; 360-Degree Sound; 20-Hour Playtime; BassBoost Driver; PartyLink Pairing",3499,"portable bluetooth speaker, waterproof speaker, outdoor audio, deep bass speaker",Friendly & Engaging
5,KeyCraft Artisan Mechanical Keyboard,Electronics,"Hot-Swappable Switches; PBT Dye-Sub Keycaps; RGB Backlit; Gasket Mount; Multi-OS Support",6999,"mechanical keyboard, hot swappable, gaming keyboard, typing keyboard",Luxury & Premium
6,VoltCore 65W GaN Travel Charger,Electronics,"Gallium Nitride Tech; 3 Ports (2C+1A); Foldable Prongs; Universal Fast Charging; Lightweight",2199,"gan charger, 65w fast charger, travel adapter, multi port usb-c charger",Modern & Punchy
7,SkyEye 4K Mini Aerial Drone,Electronics,"4K Gimbal Camera; GPS Return to Home; 31-Minute Flight; Under 249g; Follow-Me Mode",28999,"camera drone, 4k quadcopter, compact mini drone, aerial photography",Technical & Precise
8,SonicBuds Pro True Wireless Earbuds,Electronics,"Spatial Audio; Dual Beamforming Mics; IPX5 Sweatproof; Wireless Charging Case; 32h Total Playtime",4299,"true wireless earbuds, spatial audio, sweatproof earphones, anc earbuds",Friendly & Engaging
9,VentureCam 5K Action Camera,Electronics,"5K 30fps Video; Dual Color Screens; 6-Axis HyperStabilization; 10m Waterproof; Voice Control",19499,"action camera, 5k waterproof camera, helmet cam, vlogging sports camera",Modern & Punchy
10,PowerVault 25000mAh Laptop Power Bank,Electronics,"100W PD Output; Digital OLED Battery Display; Charges Laptops & Phones; Airplane Safe; Triple Output",4999,"laptop power bank, 100w fast charging powerbank, high capacity portable battery",Technical & Precise
11,Nordic Cloud Merino Wool Sweater,Fashion,"100% Extra-Fine Merino Wool; Ribbed Cuffs; Breathable Thermoregulation; Anti-Pilling; Tailored Fit",4599,"merino wool sweater, luxury knitwear, warm pullover, soft wool jumper",Luxury & Premium
12,TerraGrip Waterproof Hiking Boots,Fashion,"Vibram All-Terrain Outsole; Waterproof HydroShield Membrane; Ortholite Footbed; Ankle Support",6899,"hiking boots, waterproof trail shoes, trekking footwear, durable outdoor boots",Technical & Precise
13,Elysian Mulberry Silk Midi Dress,Fashion,"100% Grade 6A Mulberry Silk; Bias-Cut Silhouette; Adjustable Spaghetti Straps; French Seams",8999,"mulberry silk dress, slip midi dress, luxury evening dress, elegant party dress",Luxury & Premium
14,Vanguard Full-Grain Leather Bomber,Fashion,"Supple Italian Lambskin; YKK Antique Brass Zippers; Satin Lining; Rib-Knit Collar; Classic Cut",15999,"leather jacket, bomber jacket, genuine lambskin coat, classic men outerwear",Luxury & Premium
15,FlexMotion High-Waisted Seamless Leggings,Fashion,"4-Way Stretch Squat-Proof Fabric; Moisture-Wicking; Core Compression Waistband; Hidden Pocket",1899,"workout leggings, seamless yoga pants, high waisted gym tights, running leggings",Friendly & Engaging
16,Solaris Polarized Titanium Sunglasses,Fashion,"Ultra-Light Titanium Frame; UV400 TAC Polarized Lenses; Anti-Glare Coating; Screwless Hinges",3799,"polarized sunglasses, titanium shades, uv protection eyewear, unisex sunglasses",Modern & Punchy
17,Nomad Voyager Waxed Canvas Backpack,Fashion,"16oz Heavy-Duty Canvas; Genuine Leather Accents; 16-inch Padded Laptop Sleeve; Water-Resistant",5499,"canvas backpack, heritage rucksack, laptop commuter bag, vintage travel bag",Storytelling & Creative
18,Highland Cashmere Oversized Scarf,Fashion,"Pure Grade-A Mongolian Cashmere; Featherlight Warmth; Hand-Fringed Edges; Generous 200x70cm Size",5999,"cashmere scarf, luxury wool wrap, soft winter shawl, warm unisex scarf",Luxury & Premium
19,Riviera Pure Organic Linen Shirt,Fashion,"100% French Flax Linen; Mother of Pearl Buttons; Garment-Washed Softness; Relaxed Resort Collar",3299,"linen shirt, organic flax button down, summer casual shirt, breathable vacation shirt",Friendly & Engaging
20,AeroStep Minimalist Leather Sneakers,Fashion,"Full-Grain Calfskin Leather; Margom Italian Rubber Sole; Memory Foam Insole; Clean Scandinavian Design",5799,"minimalist sneakers, white leather shoes, casual court sneakers, luxury low tops",Modern & Punchy
21,BaristaCraft Pour-Over Coffee Station,Kitchen,"Heat-Resistant Borosilicate Glass; Reusable Laser-Cut Stainless Filter; Olive Wood Base; 800ml Capacity",2499,"pour over coffee maker, manual dripper, slow coffee brewer, glass coffee carafe",Storytelling & Creative
22,IronMaster Pre-Seasoned Cast Iron Skillet,Kitchen,"Triple-Seasoned Natural Finish; Helper Handle; Dual Pour Spouts; Induction Compatible; Oven Safe to 500F",1999,"cast iron skillet, pre seasoned frying pan, heavy duty cookware, searing pan",Professional
23,CrispAir Pro Dual-Zone Digital Air Fryer,Kitchen,"8.5-Litre Capacity; SyncFinish Dual Baskets; 12 One-Touch Presets; 90% Less Oil; Dishwasher-Safe",7999,"dual basket air fryer, large air fryer, healthy cooking appliance, digital air fryer",Friendly & Engaging
24,RoboSweep LDS Laser Robot Vacuum & Mop,Kitchen,"4000Pa Cyclone Suction; LiDAR 3D Navigation; Electronic Water Tank; Auto-Carpet Boost; App Control",22999,"robot vacuum cleaner, mop robot, lidar smart vacuum, automatic floor cleaner",Technical & Precise
25,ErgoApex Breathable Mesh Task Chair,Home,"Dynamic Lumbar Support; 4D Adjustable Armrests; Synchro-Tilt Recline; Class 4 Gas Lift; BIFMA Certified",12499,"ergonomic office chair, mesh computer chair, high back desk chair, lumbar support chair",Professional
26,Zenith Organic Bamboo Cutting Board Set,Kitchen,"End-Grain Natural Bamboo; Deep Juice Grooves; Side Grip Handles; Knife-Friendly Surface; Set of 3",1799,"bamboo cutting board, wooden chopping board set, kitchen prep board, organic wood board",Friendly & Engaging
27,Artisan Stoneware 16-Piece Dinnerware,Home,"Hand-Glazed Ceramic; Matte Earthy Texture; Microwave & Dishwasher Safe; Scratch-Resistant Finish",4899,"stoneware dinner set, ceramic dinnerware, matte ceramic plates, modern rustic tableware",Luxury & Premium
28,SlumberCalm 7-Layer Weighted Blanket,Home,"100% Breathable Bamboo Cover; Micro Glass Bead Fill; Deep Pressure Touch; Hypoallergenic; 7kg",3999,"weighted blanket, anxiety relief blanket, heavy sleep throw, cooling weighted blanket",Storytelling & Creative
29,AromaMist Ultrasonic Essential Oil Diffuser,Home,"BPA-Free Ceramic Cover; Warm Ambient LED Glow; Whisper-Quiet 24dB; Auto-Shutoff Timer; 300ml",1999,"aromatherapy diffuser, essential oil mister, ceramic ultrasonic humidifier, home fragrance",Friendly & Engaging
30,KuroHagane Damascus Steel 8-Piece Chef Knife Set,Kitchen,"67 Layers VG-10 Japanese Damascus Steel; 60±2 HRC Hardness; Pakkawood Handle; Razor Edge",14999,"damascus chef knife, japanese kitchen knives set, vg10 professional cutlery, sharp cooking knives",Luxury & Premium
31,GlowMatrix 20% Vitamin C Radiance Serum,Beauty,"Ethyl Ascorbic Acid; Ferulic Acid + Hyaluronic Acid; Dark Spot Corrector; Fragrance-Free; 30ml",1299,"vitamin c serum, brightening facial serum, dark spot corrector, anti aging serum",Modern & Punchy
32,HydraQuench Multi-Molecular Hyaluronic Cream,Beauty,"5 Molecular Weights Hyaluronic Acid; Ceramides NP; 72-Hour Deep Moisture; Non-Comedogenic; 50g",1499,"hyaluronic acid moisturizer, hydrating face cream, ceramide barrier repair, lightweight moisturizer",Professional
33,SonicGleam Intelligent Electric Toothbrush,Beauty,"42000 VPM Maglev Motor; 4 Cleaning Modes; Pressure Sensor LED Ring; 60-Day Battery; Travel Case",2799,"sonic electric toothbrush, smart toothbrush, gum care electric brush, whitening toothbrush",Modern & Punchy
34,PureBotanica Damask Rosewater Facial Mist,Beauty,"Steam-Distilled Bulgarian Rose Hydrosol; Pore Refiner; Alcohol-Free; Instant Refreshment; 150ml",899,"rose water spray, hydrating facial toner, bulgarian rose mist, organic floral water",Storytelling & Creative
35,ProBreeze IonTech Salon Hair Dryer,Beauty,"110000 RPM Brushless Motor; 200 Million Negative Ions; Intelligent Thermal Control; Magnetic Nozzles",8499,"ionic hair dryer, fast dry blow dryer, salon grade hair tool, lightweight blowdryer",Luxury & Premium
36,Wildwood Cedar & Jojoba Beard Conditioning Oil,Beauty,"Cold-Pressed Jojoba & Argan Oils; Atlas Cedarwood & Frankincense; Tames Itch; Fast-Absorbing; 50ml",999,"beard grooming oil, natural conditioning beard oil, cedarwood fragrance, soften facial hair",Storytelling & Creative
37,SolarShield Invisible Mineral Sunscreen SPF 50+,Beauty,"Non-Nano Zinc Oxide; Broad Spectrum UVA/UVB; Zero White Cast; Reef-Safe; Matte Priming Finish",1199,"mineral sunscreen spf 50, zinc oxide sun cream, no white cast sunscreen, clean beauty sunblock",Professional
38,VelvetGrain Organic Arabica Body Scrub,Beauty,"Fair-Trade Coffee Grounds; Sweet Almond Oil & Brown Sugar; Cellulite Smoothing; Invigorating Aroma",849,"coffee body scrub, exfoliating scrub, natural dry skin treatment, organic skin polisher",Friendly & Engaging
39,SatinPout Longwear Hydrating Lip Tint,Beauty,"Infused with Jojoba Seed Butter; Transfer-Proof Stain; Weightless Mousse Texture; 12-Hour Wear",799,"long lasting lip stain, velvet lip tint, hydrating matte lipstick, non drying lip color",Modern & Punchy
40,SereneDream Organic French Lavender Pillow Mist,Beauty,"True Lavender & Bergamot Essential Oils; Sleep Inducing Aromatherapy; Stain-Free Mist; 100ml",699,"lavender pillow mist, deep sleep spray, natural pillow spray, aromatherapy bedtime mist",Storytelling & Creative
41,TitanGrip Quick-Adjust Dial Dumbbell Pair,Sports,"Adjusts from 2.5kg to 24kg per dumbbell; Textured Steel Handle; Space-Saving Storage Tray",14999,"adjustable dumbbells, home gym weights, quick change dumbbell set, strength training equipment",Technical & Precise
42,PranaMat Non-Slip Eco Rubber Yoga Mat,Sports,"Natural Tree Rubber + PU Surface; Laser Alignment System; 5mm High-Density Cushioning; Sweat-Grip",2999,"natural rubber yoga mat, non slip exercise mat, alignment guide yoga mat, thick workout pad",Friendly & Engaging
43,HydroShield Pro 1L Insulated Steel Flask,Sports,"18/8 Pro-Grade Stainless Steel; TempLock Vacuum Insulation; Keeps Cold 24h Hot 12h; Straw Cap",1399,"insulated water bottle, stainless steel thermal flask, leakproof sports bottle, cold 24h bottle",Modern & Punchy
44,PowerBand Pro Resistance Bands Set,Sports,"5 Stackable Latex Resistance Levels up to 150 lbs; Padded Ankle Straps; Door Anchor; Waterproof Bag",1199,"resistance bands set, home workout elastic bands, strength bands, portable gym equipment",Friendly & Engaging
45,CloudRest Ultralight Double Camping Hammock,Sports,"210T Parachute Ripstop Nylon; 500 lb Capacity; Tree-Friendly Straps Included; Packs into Tiny Pouch",1699,"camping hammock, portable travel hammock, double parachute hammock, outdoor backpacking gear",Storytelling & Creative
46,Veloce Carbon-Fiber Road Cycling Helmet,Sports,"In-Mold Polycarbonate Shell; 21 Airflow Vents; Rear Safety Flasher LED; Dial-Fit Retention System",3899,"cycling helmet, road bike helmet, ventilated safety helmet, lightweight bike gear",Technical & Precise
47,TrailSprint Ultra Cushioned Running Shoes,Sports,"Nitrogen-Infused Midsole Foam; Continental Rubber Grip; Breathable Engineered Mesh; 8mm Drop",4999,"trail running shoes, cushioned marathon sneakers, breathable running footwear, off road shoes",Modern & Punchy
48,AeroFlow 2.5L Hydration Trail Backpack,Sports,"BPA-Free Water Bladder; Bite Valve with Dust Cover; Reflective Safety Accents; Ergonomic Chest Harness",2499,"hydration pack, running water backpack, trail hydration vest, hiking water bladder",Technical & Precise
49,DeepPulse Pro High-Frequency Massage Gun,Sports,"Brushless High-Torque Motor; 6 Interchangeable Heads; 30 Speed Settings; Quiet Glide Tech; Case",3999,"percussion massage gun, deep tissue massager, muscle recovery tool, sore muscle relief",Professional
50,SummitPeak Anti-Shock Carbon Trekking Poles,Sports,"100% 3K Carbon Fiber; Quick Flip-Lock System; Ergonomic Cork Grips; Tungsten Carbide Tips; Pair",2899,"carbon fiber trekking poles, hiking walking sticks, ultralight trail poles, shock absorbing poles",Technical & Precise
